<?xml version="1.0"?>
<doc>
  <assembly>
    <name>MicroChat.Framework</name>
  </assembly>
  <members>
    <member name="T:MicroChat.Framework.FormBase">
      <summary>
            自动设置icon图标的窗体
            </summary>
    </member>
    <member name="T:MicroChat.Framework.FormConfig">
      <summary>
            propertyGrid1显示和修改PluginConfig实例
            </summary>
    </member>
    <member name="T:MicroChat.Framework.HBInfo">
      <summary>
            收红包用
            </summary>
    </member>
    <member name="T:MicroChat.Framework.SDK.DLLPlugin">
      <summary>
            非托管DLL使用，托管代码开发请勿使用
            </summary>
    </member>
    <member name="T:MicroChat.Framework.SDK.Plugin">
      <summary>
            开发MicroChat插件，继承该类，重写里面的方法即可
            </summary>
    </member>
    <member name="M:MicroChat.Framework.SDK.Plugin.InitWXClient(MicroChat.Framework.WXClient)">
      <summary>
            初始化WXClient
            </summary>
      <param name="client">
      </param>
    </member>
    <member name="P:MicroChat.Framework.SDK.Plugin.Id">
      <summary>
            插件唯一标识，可用来识别插件，推荐格式：作者.插件名，例如：xiaohui.WX
            </summary>
    </member>
    <member name="P:MicroChat.Framework.SDK.Plugin.PluginName">
      <summary>
            插件名称
            </summary>
    </member>
    <member name="P:MicroChat.Framework.SDK.Plugin.Description">
      <summary>
            插件介绍
            </summary>
    </member>
    <member name="P:MicroChat.Framework.SDK.Plugin.Author">
      <summary>
            作者
            </summary>
    </member>
    <member name="P:MicroChat.Framework.SDK.Plugin.FileName">
      <summary>
            插件文件名，请勿设置
            </summary>
    </member>
    <member name="F:MicroChat.Framework.SDK.Plugin.PluginPath">
      <summary>
            返回插件目录
            </summary>
    </member>
    <member name="E:MicroChat.Framework.SDK.Plugin.OutputReplace">
      <summary>
            输出替换，给群、好友、讨论组、临时会话发送消息前调用，可以改变发送消息内容，可以拦截消息
            </summary>
    </member>
    <member name="E:MicroChat.Framework.SDK.Plugin.Log">
      <summary>
            输出日志到窗口
            </summary>
    </member>
    <member name="E:MicroChat.Framework.SDK.Plugin.ReceiveQRPayMsg">
      <summary>
            收到二维码付款
            </summary>
    </member>
    <member name="E:MicroChat.Framework.SDK.Plugin.ReceiveTransferMsg">
      <summary>
            收到转账
            </summary>
    </member>
    <member name="E:MicroChat.Framework.SDK.Plugin.ReceiveHBMsg">
      <summary>
            收到红包
            </summary>
    </member>
    <member name="E:MicroChat.Framework.SDK.Plugin.ReceiveVerifyMsg">
      <summary>
            收到好友验证
            </summary>
    </member>
    <member name="E:MicroChat.Framework.SDK.Plugin.ReceiveMessage">
      <summary>
            收到消息
            </summary>
    </member>
    <member name="E:MicroChat.Framework.SDK.Plugin.ReceiveSysMsg">
      <summary>
            系统消息，包括群改名、新人进群等
            </summary>
    </member>
    <member name="E:MicroChat.Framework.SDK.Plugin.HeartBeat">
      <summary>
            收到心跳事件
            </summary>
    </member>
    <member name="E:MicroChat.Framework.SDK.Plugin.PushLoginUrl">
      <summary>
            收到其他设备登录事件
            </summary>
    </member>
    <member name="E:MicroChat.Framework.SDK.Plugin.JoinChatroom">
      <summary>
            邀请机器人入群
            </summary>
    </member>
    <member name="M:MicroChat.Framework.SDK.Plugin.OnLog(System.String,System.Object[])">
      <summary>
            输出日志
            </summary>
      <param name="format">
      </param>
      <param name="args">
      </param>
    </member>
    <member name="M:MicroChat.Framework.SDK.Plugin.SendImage(System.String,System.String)">
      <summary>
            发送图片
            </summary>
      <param name="wxid">接收者wxid</param>
      <param name="file">本地绝对路径或网络图片</param>
      <returns>
      </returns>
    </member>
    <member name="M:MicroChat.Framework.SDK.Plugin.mmsnstimeline(System.UInt64)">
      <summary>
            获取朋友圈
            </summary>
      <param name="start">偏移量，可以循环读取所有朋友圈数据</param>
      <returns>
      </returns>
    </member>
    <member name="M:MicroChat.Framework.SDK.Plugin.mmsnscomment(System.UInt64,System.String,System.String,System.String)">
      <summary>
            评论
            </summary>
      <param name="Id">被评论的postId</param>
      <param name="WxId">被评论人</param>
      <param name="NickName">被评论人</param>
      <param name="Text">评论为空时点赞</param>
      <returns>
      </returns>
    </member>
    <member name="M:MicroChat.Framework.SDK.Plugin.DownloadImage(System.String,System.String,System.Int32)">
      <summary>
            下载图片
            </summary>
      <param name="fileid">收到的cdnthumburl</param>
      <param name="aeskey">收到消息带的</param>
      <param name="filetype">1：大图cdnbigimgurl 2：中图cdnmidimgurl 3：小图cdnthumburl</param>
      <returns>返回图片二进制内容</returns>
    </member>
    <member name="M:MicroChat.Framework.SDK.Plugin.DownloadImage(System.String,System.String,System.Int32,System.String)">
      <summary>
            下载图片并保存到文件
            </summary>
      <param name="fileid">收到的cdnthumburl</param>
      <param name="aeskey">收到消息带的</param>
      <param name="filetype">1：大图cdnbigimgurl 2：中图cdnmidimgurl 3：小图cdnthumburl</param>
      <param name="filename">文件保存的本地路径</param>
      <returns>
      </returns>
    </member>
    <member name="M:MicroChat.Framework.SDK.Plugin.AgreeJoin(System.String)">
      <summary>
            别人给机器人发送进群邀请链接，机器人可以用此方法同意邀请
            </summary>
      <param name="url">收到好友验证时附带的</param>
      <returns>
      </returns>
    </member>
    <member name="M:MicroChat.Framework.SDK.Plugin.GetQRCode(System.String)">
      <summary>
            获取我的二维码、群二维码
            </summary>
      <returns>二进制二维码图片内容</returns>
    </member>
    <member name="M:MicroChat.Framework.SDK.Plugin.SetUserInfo(System.Int32,System.String)">
      <summary>
            设置昵称、个性签名
            </summary>
      <param name="cmd">1：昵称 2：个性签名</param>
      <param name="text">
      </param>
      <returns>
      </returns>
    </member>
    <member name="M:MicroChat.Framework.SDK.Plugin.SendAdminMsg(System.String)">
      <summary>
            发消息给管理员
            </summary>
      <param name="msg_content">
      </param>
      <returns>
      </returns>
    </member>
    <member name="M:MicroChat.Framework.SDK.Plugin.BindQueryNew">
      <summary>
            可查询余额、银行卡等
            </summary>
      <returns>
      </returns>
    </member>
    <member name="M:MicroChat.Framework.SDK.Plugin.Transfer(System.String,System.Int32,System.String,System.String)">
      <summary>
            转账
            </summary>
      <param name="to_wxid">接收者wxid</param>
      <param name="fee">限额1000分</param>
      <param name="desc">转账说明</param>
      <param name="password">钱包密码</param>
      <returns>
      </returns>
    </member>
    <member name="M:MicroChat.Framework.SDK.Plugin.Genprefetch(System.Int32,System.String,System.String)">
      <summary>
            提现
            </summary>
      <param name="total_fee">限额100元（10000）</param>
      <param name="card_tail">卡号后4位（可不填）</param>
      <param name="password">钱包密码</param>
      <returns>
      </returns>
    </member>
    <member name="M:MicroChat.Framework.SDK.Plugin.SendHB(System.String,System.Int32,System.Int32,System.Int32,System.String,System.String)">
      <summary>
            发红包
            </summary>
      <param name="wxid">接收者，可以是群wxid，也可以是好友wxid</param>
      <param name="hbType">0：普通红包 1：拼手气红包</param>
      <param name="totalAmount">单位分，限额10元</param>
      <param name="totalNum">红包个数，群红包必须能分配，不能出现类似1分钱2个红包的情况</param>
      <param name="wishing">祝福语</param>
      <param name="password">钱包密码</param>
      <returns>
      </returns>
    </member>
    <member name="M:MicroChat.Framework.SDK.Plugin.SendMessage(System.String,System.String,System.String,System.Int32)">
      <summary>
            发送消息
            </summary>
      <param name="wxid">接收者</param>
      <param name="msg_content">消息内容，支持XML格式，不要问我有哪些，请自行收集</param>
      <param name="at_user_list">如果是群消息，这里可以填写@对象wxid</param>
      <param name="msg_type">消息类型，我只测试了1的情况。默认填写1即可</param>
      <returns>
      </returns>
    </member>
    <member name="M:MicroChat.Framework.SDK.Plugin.SendCard(System.String,System.String)">
      <summary>
            发送名片
            </summary>
      <param name="to_wxid">接收者wxid</param>
      <param name="wxid">名片的wxid</param>
      <returns>
      </returns>
    </member>
    <member name="M:MicroChat.Framework.SDK.Plugin.Reply(MicroChat.Framework.SDK.MessageWXEventArgs,System.String,System.String,System.Int32)">
      <summary>
            回复消息，既方便调用，也可以做“黑名单”插件拦截等输出替换用途
            </summary>
      <param name="msg">
      </param>
      <param name="msg_content">
      </param>
      <param name="at_user_list">
      </param>
      <param name="msg_type">
      </param>
      <returns>
      </returns>
    </member>
    <member name="M:MicroChat.Framework.SDK.Plugin.ChatroomInviteConfirm(System.String,System.Int32)">
      <summary>
            修改群聊邀请确认
            </summary>
      <param name="wxid">群wxid</param>
      <param name="code">0：关闭确认 2：开启确认</param>
      <returns>
      </returns>
    </member>
    <member name="M:MicroChat.Framework.SDK.Plugin.TransferChatroomOwner(System.String,System.String)">
      <summary>
            转让群主
            </summary>
      <param name="ChatRoomWxid">群wxid</param>
      <param name="OwnerWxid">新群主wxid</param>
      <returns>
      </returns>
    </member>
    <member name="M:MicroChat.Framework.SDK.Plugin.GetChatroomMemberDetail(System.String)">
      <summary>
            从服务器获取群成员建议不要频繁使用
            </summary>
      <param name="ChatRoomWxid">群wxid</param>
    </member>
    <member name="M:MicroChat.Framework.SDK.Plugin.SendAppMsg(System.String,System.String,System.String,System.String,System.String)">
      <summary>
            分享链接
            </summary>
      <param name="to_wxid">接收者wxid</param>
      <param name="title">标题</param>
      <param name="des">描述</param>
      <param name="link_url">链接地址http格式</param>
      <param name="thumb_url">缩略图地址http格式</param>
      <returns>
      </returns>
    </member>
    <member name="M:MicroChat.Framework.SDK.Plugin.SendAppMsgRaw(System.String,System.String,System.Int32)">
      <summary>
            发送原始appmsg，可以实现点歌、发小程序、发链接等
            </summary>
      <param name="to_wxid">接收者wxid</param>
      <param name="content">自己构造XML，不要问我XML怎么构造，我也没有，自己想办法</param>
      <param name="type">没研究过，不知道啥意思，大家自己黑盒测试</param>
      <returns>
      </returns>
    </member>
    <member name="M:MicroChat.Framework.SDK.Plugin.ReceiveHB(MicroChat.Framework.HBMsg)">
      <summary>
            收红包
            </summary>
      <param name="msg">这是一个收到红包时的对象</param>
      <returns>
      </returns>
    </member>
    <member name="M:MicroChat.Framework.SDK.Plugin.QueryHB(System.String,System.Int32,System.Int32,System.String)">
      <summary>
            查询红包
            </summary>
      <param name="nativeUrl">收到红包时有</param>
      <param name="limit">数量？</param>
      <param name="offset">偏移量？获取红包如果有几十个领取人时需要用，没测试过</param>
      <param name="ver">传v1.0</param>
      <returns>
      </returns>
    </member>
    <member name="M:MicroChat.Framework.SDK.Plugin.SendEmoji(System.String,System.String,System.String,System.String)">
      <summary>
            发送emoji表情
            </summary>
      <param name="wxid">
      </param>
      <param name="file_name">emoji加密文件名</param>
      <param name="game_type">game_type=0直接发送emoji; game_type=1无视file_name参数,接收方播放石头剪刀布动画;其余game_type值均为投骰子动画</param>
      <param name="content">在game_type不为0即发送游戏表情时有效;content取1-3代表剪刀、石头、布;content取4-9代表投骰子1-6点;</param>
      <returns>消息id，撤回消息时可用用到，其它地方没啥用</returns>
    </member>
    <member name="M:MicroChat.Framework.SDK.Plugin.ReceiveTransfer(MicroChat.Framework.TransferMsg)">
      <summary>
            收款
            </summary>
      <param name="msg">收到转账时带的</param>
      <returns>
      </returns>
    </member>
    <member name="M:MicroChat.Framework.SDK.Plugin.DeviceLogin(System.String)">
      <summary>
            其它设备扫码登录
            </summary>
      <param name="url">二维码内容</param>
      <returns>
      </returns>
    </member>
    <member name="M:MicroChat.Framework.SDK.Plugin.ExtDeviceLoginConfirmOK(System.String)">
      <summary>
            确认其它设备登录
            </summary>
      <param name="url">机器人收到的内容</param>
      <returns>
      </returns>
    </member>
    <member name="M:MicroChat.Framework.SDK.Plugin.GetPayUrl(System.Int32,System.String,System.String)">
      <summary>
            获取收款二维码，请做好本地缓存，防止频繁获取被tx屏蔽
            </summary>
      <param name="fee">金额，单位分</param>
      <param name="desc">收钱说明</param>
      <param name="fee_type">传1</param>
      <returns>
      </returns>
    </member>
    <member name="M:MicroChat.Framework.SDK.Plugin.VerifyUser(System.Int32,System.String,System.String,System.String,System.String,System.String)">
      <summary>
            同意加好友请求
            </summary>
      <param name="opcode">传3即可</param>
      <param name="user_wxid">收到的FromUsername</param>
      <param name="user_v1_name">收到的EncryptUsername</param>
      <param name="user_ticket">收到的Ticket</param>
      <param name="user_anti_ticket">空着即可</param>
      <param name="send_content">空着即可</param>
      <returns>
      </returns>
    </member>
    <member name="M:MicroChat.Framework.SDK.Plugin.GetContact">
      <summary>
            从本地获取好友列表
            </summary>
      <returns>
      </returns>
    </member>
    <member name="M:MicroChat.Framework.SDK.Plugin.GetContact(System.String)">
      <summary>
            从服务器获取单个好友或者群
            </summary>
      <param name="wxid">
      </param>
      <returns>
      </returns>
    </member>
    <member name="M:MicroChat.Framework.SDK.Plugin.MMFacingCreateChatRoom(System.String,System.Single,System.Single)">
      <summary>
            面对面建群，少用
            </summary>
      <param name="pwd">密码</param>
      <param name="lon">经度</param>
      <param name="lat">纬度</param>
      <returns>
      </returns>
    </member>
    <member name="M:MicroChat.Framework.SDK.Plugin.SetGroupNickName(System.String,System.String)">
      <summary>
            设置机器人在群内的昵称
            </summary>
      <param name="chatroom_wxid">群wxid</param>
      <param name="nick_name">昵称</param>
      <returns>
      </returns>
    </member>
    <member name="M:MicroChat.Framework.SDK.Plugin.RevokeMsg(System.String,System.Int64)">
      <summary>
            撤回消息
            </summary>
      <param name="wxid">消息接收者</param>
      <param name="svrid">发消息返回的消息id</param>
      <returns>
      </returns>
    </member>
    <member name="M:MicroChat.Framework.SDK.Plugin.SetChatroomAnnouncement(System.String,System.String)">
      <summary>
            发布群公告
            </summary>
      <param name="wxid">群wxid</param>
      <param name="text">公告内容</param>
      <returns>
      </returns>
    </member>
    <member name="M:MicroChat.Framework.SDK.Plugin.SetFriendName(System.String,System.String)">
      <summary>
            设置好友备注名/群聊名
            </summary>
      <param name="wxid">wxid</param>
      <param name="name">备注名或者群名</param>
      <returns>
      </returns>
    </member>
    <member name="M:MicroChat.Framework.SDK.Plugin.BanFriend(System.String,System.Boolean)">
      <summary>
            拉黑/恢复 好友关系
            </summary>
      <param name="wxid">wxid</param>
      <param name="ban">拉黑还是恢复，自己测试下</param>
      <returns>
      </returns>
    </member>
    <member name="M:MicroChat.Framework.SDK.Plugin.DeleteFriend(System.String,System.Boolean)">
      <summary>
            从通讯录中删除好友/恢复好友(删除对方后可以用此接口再添加对方)
            群聊使用此接口可以保存到通讯录
            </summary>
      <param name="wxid">wxid</param>
      <param name="delete">
      </param>
      <returns>
      </returns>
    </member>
    <member name="P:MicroChat.Framework.SDK.Plugin.User">
      <summary>
            获取机器人相关数据
            </summary>
    </member>
    <member name="P:MicroChat.Framework.SDK.Plugin.Versions">
      <summary>
            程序集版本
            </summary>
    </member>
    <member name="P:MicroChat.Framework.SDK.Plugin.AllPlugin">
      <summary>
            全部插件
            </summary>
    </member>
    <member name="P:MicroChat.Framework.SDK.Plugin.RuningPlugin">
      <summary>
            在运行的插件
            </summary>
    </member>
    <member name="M:MicroChat.Framework.SDK.Plugin.Install">
      <summary>
            插件安装时执行
            </summary>
      <returns>
      </returns>
    </member>
    <member name="M:MicroChat.Framework.SDK.Plugin.UnInstall">
      <summary>
            插件卸载时执行
            </summary>
      <returns>
      </returns>
    </member>
    <member name="M:MicroChat.Framework.SDK.Plugin.Start">
      <summary>
            插件安装后执行
            </summary>
      <returns>
      </returns>
    </member>
    <member name="M:MicroChat.Framework.SDK.Plugin.Stop">
      <summary>
            插件卸载前执行
            </summary>
      <returns>
      </returns>
    </member>
    <member name="M:MicroChat.Framework.SDK.Plugin.ShowForm">
      <summary>
            显示插件窗体，没有窗体可不重写
            </summary>
      <returns>
      </returns>
    </member>
    <member name="M:MicroChat.Framework.SDK.Plugin.ToString">
      <summary>
            插件名
            </summary>
      <returns>
      </returns>
    </member>
    <member name="T:MicroChat.Framework.SDK.PluginConfig">
      <summary>
            插件配置保存辅助类，保存JSON格式到plugin目录下，使用步骤：1、调用GetObject初始化对象。2、用完后如需保存调用Save保存即可
            </summary>
    </member>
    <member name="M:MicroChat.Framework.SDK.PluginConfig.Serialize">
      <summary>
            直接返回序列化的JSON字符串
            </summary>
      <returns>
      </returns>
    </member>
    <member name="M:MicroChat.Framework.SDK.PluginConfig.Save">
      <summary>
            保存到plugin目录下
            </summary>
    </member>
    <member name="T:MicroChat.Framework.SDK.SoftOEM">
      <summary>
            OEM
            </summary>
    </member>
    <member name="P:MicroChat.Framework.SDK.SoftOEM.Skin">
      <summary>
            皮肤文件
            </summary>
    </member>
    <member name="P:MicroChat.Framework.SDK.SoftOEM.ICON">
      <summary>
            系统图标
            </summary>
    </member>
    <member name="P:MicroChat.Framework.SDK.SoftOEM.Licenece">
      <summary>
            协议内容
            </summary>
    </member>
    <member name="P:MicroChat.Framework.SDK.SoftOEM.UpdateUrl">
      <summary>
            升级信息配置文件
            </summary>
    </member>
    <member name="P:MicroChat.Framework.SDK.SoftOEM.PluginUrl">
      <summary>
            插件商城
            </summary>
    </member>
    <member name="T:MicroChat.Framework.SDK.UpdateInfo">
      <summary>
            升级配置
            </summary>
    </member>
    <member name="P:MicroChat.Framework.SDK.WXEventArgs.Cancel">
      <summary>
            取消下一个插件调用：true，继续传到你给下一个插件处理false
            </summary>
    </member>
    <member name="T:MicroChat.Framework.SDK.PushLoginUrlWXEventArgs">
      <summary>
            登录确认事件
            </summary>
    </member>
    <member name="P:MicroChat.Framework.SDK.PushLoginUrlWXEventArgs.url">
      <summary>
            确认时需要用的
            </summary>
    </member>
    <member name="P:MicroChat.Framework.SDK.PushLoginUrlWXEventArgs.Device">
      <summary>
            设备名
            </summary>
    </member>
    <member name="T:MicroChat.Framework.SDK.LicenceWXEventArgs">
      <summary>
            授权时间
            </summary>
    </member>
    <member name="P:MicroChat.Framework.SDK.LicenceWXEventArgs.retcode">
      <summary>
            是否通过验证 -1没通过，其他通过
            </summary>
    </member>
    <member name="P:MicroChat.Framework.SDK.LicenceWXEventArgs.retmsg">
      <summary>
            提示信息
            </summary>
    </member>
    <member name="P:MicroChat.Framework.SDK.LicenceWXEventArgs.Owner">
      <summary>
            所有者
            </summary>
    </member>
    <member name="P:MicroChat.Framework.SDK.LicenceWXEventArgs.EndTime">
      <summary>
            有效期
            </summary>
    </member>
    <member name="P:MicroChat.Framework.SDK.LicenceWXEventArgs.FirstTime">
      <summary>
            首次激活时间
            </summary>
    </member>
    <member name="T:MicroChat.Framework.SDK.LoginStatusChangedWXEventArgs">
      <summary>
            登录成功
            </summary>
    </member>
    <member name="P:MicroChat.Framework.SDK.LoginStatusChangedWXEventArgs.code">
      <summary>
            0成功 -106 打开浏览器 -301重定向服务器
            </summary>
    </member>
    <member name="P:MicroChat.Framework.SDK.LoginStatusChangedWXEventArgs.Message">
      <summary>
            描述
            </summary>
    </member>
    <member name="P:MicroChat.Framework.SDK.LoginStatusChangedWXEventArgs.Other">
      <summary>
            例如需要设备认证时，存储授权网址
            </summary>
    </member>
    <member name="T:MicroChat.Framework.SDK.LogWXEventArgs">
      <summary>
            日志事件
            </summary>
    </member>
    <member name="T:MicroChat.Framework.SDK.ReceiveQRPayMsgWXEventArgs">
      <summary>
            二维码收款事件
            </summary>
    </member>
    <member name="P:MicroChat.Framework.SDK.SysMsgWXEventArgs.Type">
      <summary>
            消息类型
            </summary>
    </member>
    <member name="P:MicroChat.Framework.SDK.SysMsgWXEventArgs.from_id">
      <summary>
            来源wxid
            </summary>
    </member>
    <member name="P:MicroChat.Framework.SDK.SysMsgWXEventArgs.to_id">
      <summary>
            接收者wxid
            </summary>
    </member>
    <member name="P:MicroChat.Framework.SDK.SysMsgWXEventArgs.content">
      <summary>
            消息内容
            </summary>
    </member>
    <member name="T:MicroChat.Framework.SDK.JoinChatroomWXEventArgs">
      <summary>
            收到群邀请链接
            </summary>
    </member>
    <member name="P:MicroChat.Framework.SDK.JoinChatroomWXEventArgs.from_id">
      <summary>
            发送者
            </summary>
    </member>
    <member name="P:MicroChat.Framework.SDK.JoinChatroomWXEventArgs.to_id">
      <summary>
            接收者
            </summary>
    </member>
    <member name="P:MicroChat.Framework.SDK.JoinChatroomWXEventArgs.content">
      <summary>
      </summary>
    </member>
    <member name="P:MicroChat.Framework.SDK.JoinChatroomWXEventArgs.NickName">
      <summary>
            发送者昵称
            </summary>
    </member>
    <member name="P:MicroChat.Framework.SDK.JoinChatroomWXEventArgs.ChatroomName">
      <summary>
            群名字
            </summary>
    </member>
    <member name="P:MicroChat.Framework.SDK.JoinChatroomWXEventArgs.Url">
      <summary>
            通过是需要用的
            </summary>
    </member>
    <member name="P:MicroChat.Framework.SDK.JoinChatroomWXEventArgs.ThumbUrl">
      <summary>
            群头像
            </summary>
    </member>
    <member name="P:MicroChat.Framework.SDK.MessageWXEventArgs.Sender">
      <summary>
            发言人（群里和私聊通用，框架定义的）
            </summary>
    </member>
    <member name="P:MicroChat.Framework.SDK.MessageWXEventArgs.SenderNick">
      <summary>
            发言人昵称（群里和私聊通用，框架定义的）
            </summary>
    </member>
    <member name="P:MicroChat.Framework.SDK.MessageWXEventArgs.FromNick">
      <summary>
            群聊时表示群名，否则空
            </summary>
    </member>
    <member name="P:MicroChat.Framework.SDK.MessageWXEventArgs.AtList">
      <summary>
            at列表，群聊时用
            </summary>
    </member>
    <member name="P:MicroChat.Framework.SDK.MessageWXEventArgs.FromId">
      <summary>
            群消息和私聊消息都是同一个事件，因此FromId如果是@chatroom结尾就是群消息，否则为私聊。其他公众号等特殊id请自己过滤
            </summary>
    </member>
    <member name="P:MicroChat.Framework.SDK.MessageWXEventArgs.Content">
      <summary>
            消息内容，可能包含XML消息，公众号消息等，请自行处理
            </summary>
    </member>
    <member name="P:MicroChat.Framework.SDK.MessageWXEventArgs.ToId">
      <summary>
            接收者
            </summary>
    </member>
    <member name="T:MicroChat.Framework.SDK.OutputReplaceEventArgs">
      <summary>
            输出替换
            </summary>
    </member>
    <member name="P:MicroChat.Framework.SDK.OutputReplaceEventArgs.wxid">
      <summary>
            微信id
            </summary>
    </member>
    <member name="P:MicroChat.Framework.SDK.OutputReplaceEventArgs.msg_content">
      <summary>
            消息内容
            </summary>
    </member>
    <member name="T:MicroChat.Framework.SDK.LogEventArgs">
      <summary>
            日志事件
            </summary>
    </member>
    <member name="M:MicroChat.Framework.Utils.CmdUtil.ExeCommand(System.String[])">
      <summary>
            执行多条cmd.exe命令
            </summary>
      <param name="commandTexts">命令文本数组</param>
      <returns>命令输出文本</returns>
    </member>
    <member name="M:MicroChat.Framework.Utils.CmdUtil.StartApp(System.String)">
             
             启动外部Windows应用程序，隐藏程序界面
             
            应用程序路径名称
             true表示成功，false表示失败
        </member>
    <member name="M:MicroChat.Framework.Utils.CmdUtil.StartApp(System.String,System.Diagnostics.ProcessWindowStyle)">
             
             启动外部应用程序
             
            应用程序路径名称
            进程窗口模式
             true表示成功，false表示失败
        </member>
    <member name="M:MicroChat.Framework.Utils.CmdUtil.StartApp(System.String,System.String)">
             
             启动外部应用程序，隐藏程序界面
             
            应用程序路径名称
            启动参数
             true表示成功，false表示失败
        </member>
    <member name="M:MicroChat.Framework.Utils.CmdUtil.StartApp(System.String,System.String,System.Diagnostics.ProcessWindowStyle)">
             
             启动外部应用程序
             
            应用程序路径名称
            启动参数
            进程窗口模式
             true表示成功，false表示失败
        </member>
    <member name="T:MicroChat.Framework.Utils.Email">
      <summary>
            发送邮件
            </summary>
    </member>
    <member name="P:MicroChat.Framework.Utils.HttpWebClient.Timeout">
      <summary>
            超时
            </summary>
    </member>
    <member name="M:MicroChat.Framework.Utils.JSON.Serialize(System.Object)">
      <summary>
            直接返回序列化的JSON字符串
            </summary>
      <param name="obj">
      </param>
      <returns>
      </returns>
    </member>
    <member name="F:MicroChat.Framework.Utils.SortType.String">
      <summary>
            字母排序
            </summary>
    </member>
    <member name="F:MicroChat.Framework.Utils.SortType.Value">
      <summary>
            数字排序
            </summary>
    </member>
    <member name="F:MicroChat.Framework.Utils.SortType.DateTime">
      <summary>
            日期排序
            </summary>
    </member>
    <member name="T:MicroChat.Framework.Utils.PropertyGridRichText">
      <summary>
            PropertyGridRichText
            </summary>
    </member>
    <member name="T:MicroChat.Framework.Utils.QRCodeHelper">
      <summary>
            含有QR码的描述类和包装编码和渲染
            </summary>
    </member>
    <member name="M:MicroChat.Framework.Utils.QRCodeHelper.DeCoder(System.String)">
      <summary>
            解析二维码
            </summary>
      <param name="strSavePath">
      </param>
      <returns>
      </returns>
    </member>
    <member name="M:MicroChat.Framework.Utils.QRCodeHelper.DeCoder(System.Byte[])">
      <summary>
            解析二维码
            </summary>
      <param name="data">
      </param>
      <returns>
      </returns>
    </member>
    <member name="T:MicroChat.Framework.Utils.Util">
      <summary>
            常用辅助代码
            </summary>
    </member>
    <member name="M:MicroChat.Framework.Utils.Util.GetUInt(System.Byte[],System.Int32,System.Int32)">
      <summary>
            把字节数组从offset开始的len个字节转换成一个unsigned int，
            </summary>
      <param name="inData">字节数组</param>
      <param name="offset">从哪里开始转换.</param>
      <param name="len">转换长度, 如果len超过8则忽略后面的.</param>
      <returns>
      </returns>
    </member>
    <member name="M:MicroChat.Framework.Utils.Util.GetTimeSpan">
      <summary>
            返回当前时间的 Unix 时间戳
            </summary>
      <returns>
      </returns>
    </member>
    <member name="M:MicroChat.Framework.Utils.Util.GetDateTime(System.Int32)">
      <summary>
            返回时间
            </summary>
      <param name="TimeSpan">
      </param>
      <returns>
      </returns>
    </member>
    <member name="M:MicroChat.Framework.Utils.Util.ToBytes(System.String)">
      <summary>
            16进制字符串转byte[]
            </summary>
      <param name="hexStr">
      </param>
      <returns>
      </returns>
    </member>
    <member name="M:MicroChat.Framework.Utils.Util.ToHex(System.Byte[],System.String,System.String)">
      <summary>
            转为16进制字符串
            </summary>
      <param name="bs">
      </param>
      <param name="NewLine">
      </param>
      <param name="Format">
      </param>
      <returns>
      </returns>
    </member>
    <member name="M:MicroChat.Framework.Utils.Util.MapPath(System.String)">
      <summary>
            相对路径返回绝对路径，自动创建
            </summary>
      <param name="path">
      </param>
      <returns>
      </returns>
    </member>
    <member name="M:MicroChat.Framework.Utils.Util.MapFile(System.String)">
      <summary>
            相对路径文件名返回绝对路径文件名，自动创建目录
            </summary>
      <param name="file">
      </param>
      <returns>
      </returns>
    </member>
    <member name="M:MicroChat.Framework.Utils.Util.GetRandomColor">
      <summary>
            获取随机颜色
            </summary>
      <returns>
      </returns>
    </member>
    <member name="M:MicroChat.Framework.Utils.Util.StrToList(System.String)">
      <summary>
            与ListToString相反，从字符串中提取多个数字，包装成List类型，便于查询、存储
            </summary>
      <param name="str">
      </param>
      <returns>
      </returns>
    </member>
    <member name="M:MicroChat.Framework.Utils.Util.ToUintList(System.String)">
      <summary>
            与ListToString相反，从字符串中提取多个数字，包装成List类型，便于查询、存储
            </summary>
      <param name="str">
      </param>
      <returns>
      </returns>
    </member>
    <member name="M:MicroChat.Framework.Utils.Util.ToStringArrList(System.String)">
      <summary>
            空行分隔的字符串转换成List《string[]》类型
            </summary>
      <param name="str">
      </param>
      <returns>
      </returns>
    </member>
    <member name="M:MicroChat.Framework.Utils.Util.ToStringArrList(System.String,System.Int32)">
      <summary>
            空行分隔的字符串转换成List《string[]》类型
            </summary>
      <param name="str">
      </param>
      <param name="col">多列</param>
      <returns>
      </returns>
    </member>
    <member name="M:MicroChat.Framework.Utils.Util.ToStringList(System.String)">
      <summary>
            空行分隔的字符串转换成List《string》类型
            </summary>
      <param name="str">
      </param>
      <returns>
      </returns>
    </member>
    <member name="M:MicroChat.Framework.Utils.Util.StrToIntList(System.String)">
      <summary>
            与ListToString相反，从字符串中提取多个数字，包装成List类型，便于查询、存储
            </summary>
      <param name="str">
      </param>
      <returns>
      </returns>
    </member>
    <member name="M:MicroChat.Framework.Utils.Util.ToIntList(System.String)">
      <summary>
            与ListToString相反，从字符串中提取多个数字，包装成List类型，便于查询、存储
            </summary>
      <param name="str">
      </param>
      <returns>
      </returns>
    </member>
    <member name="M:MicroChat.Framework.Utils.Util.ToDoubleList(System.String)">
      <summary>
            逗号或空格或换行符分隔
            </summary>
      <param name="str">
      </param>
      <returns>
      </returns>
    </member>
    <member name="M:MicroChat.Framework.Utils.Util.StrToHashSet(System.String)">
      <summary>
            ,分割的字符串转化成HashSet类型，例如多个QQ号码
            </summary>
      <param name="str">
      </param>
      <returns>
      </returns>
    </member>
    <member name="M:MicroChat.Framework.Utils.Util.ReplaceNick(System.String)">
      <summary>
            替换昵称、名片中的html字符
            </summary>
      <param name="str">
      </param>
      <returns>
      </returns>
    </member>
    <member name="M:MicroChat.Framework.Utils.Util.EncodeUBB(System.String)">
      <summary>
            过滤变量，防止昵称、名片中发出@全体、图片等
            </summary>
      <param name="str">
      </param>
      <returns>
      </returns>
    </member>
    <member name="M:MicroChat.Framework.Utils.Util.Compress(System.Byte[])">
      <summary>
            GZIP压缩字节数组
            </summary>
      <param name="str">
      </param>
    </member>
    <member name="M:MicroChat.Framework.Utils.Util.Decompress(System.Byte[])">
      <summary>
            解压缩字节数组
            </summary>
      <param name="str">
      </param>
    </member>
    <member name="M:MicroChat.Framework.Utils.Util.CutStr(System.String,System.Int32)">
      <summary>
            截取等宽中英文字符串
            </summary>
      <param name="str">
      </param>
      <param name="length">
      </param>
      <returns>
      </returns>
    </member>
    <member name="T:MicroChat.Framework.Utils.WXLog">
      <summary>
            记录运行日志
            </summary>
    </member>
    <member name="M:MicroChat.Framework.Utils.WXLog.Write(System.String,System.Object[])">
      <summary>
            按日期格式存储的程序运行日志
            </summary>
      <param name="format">
      </param>
      <param name="p">
      </param>
    </member>
    <member name="M:MicroChat.Framework.Utils.WXLog.Error(System.Exception,System.String,System.Object[])">
      <summary>
            记录程序异常
            </summary>
      <param name="ex">
      </param>
      <param name="format">
      </param>
      <param name="args">
      </param>
    </member>
    <member name="M:MicroChat.Framework.Utils.WXLog.Error(System.Object,System.Exception)">
      <summary>
            记录程序异常
            </summary>
      <param name="source">
      </param>
      <param name="ex">
      </param>
    </member>
    <member name="T:MicroChat.Framework.WXClient">
      <summary>
            微信协议核心类，主要包括“事件”和“方法”两条线，事件表示收到的数据（发生什么事），方法表示发送的数据（执行操作）
            </summary>
    </member>
    <member name="E:MicroChat.Framework.WXClient.LoginStatusChanged">
      <summary>
            登录状态改变
            </summary>
    </member>
    <member name="E:MicroChat.Framework.WXClient.ReceiveQRPayMsg">
      <summary>
            收到二维码付款
            </summary>
    </member>
    <member name="E:MicroChat.Framework.WXClient.ReceiveTransferMsg">
      <summary>
            收到转账
            </summary>
    </member>
    <member name="E:MicroChat.Framework.WXClient.ReceiveHBMsg">
      <summary>
            收到红包，
            </summary>
    </member>
    <member name="E:MicroChat.Framework.WXClient.ReceiveVerifyMsg">
      <summary>
            收到好友验证
            </summary>
    </member>
    <member name="E:MicroChat.Framework.WXClient.ReceiveMessage">
      <summary>
            收到消息
            </summary>
    </member>
    <member name="E:MicroChat.Framework.WXClient.ReceiveSysMsg">
      <summary>
            系统消息，包括群改名、新人进群等
            </summary>
    </member>
    <member name="E:MicroChat.Framework.WXClient.PushLoginUrl">
      <summary>
            收到其他设备登录事件
            </summary>
    </member>
    <member name="E:MicroChat.Framework.WXClient.HeartBeat">
      <summary>
            收到心跳事件
            </summary>
    </member>
    <member name="E:MicroChat.Framework.WXClient.JoinChatroom">
      <summary>
            邀请机器人入群
            </summary>
    </member>
    <member name="P:MicroChat.Framework.WXClient.db">
      <summary>
            一些系统数据的维护
            </summary>
    </member>
    <member name="P:MicroChat.Framework.WXClient.User">
      <summary>
            机器人自身的信息，账号、密码、头像等
            </summary>
    </member>
    <member name="P:MicroChat.Framework.WXClient.Tag">
      <summary>
            获取或设置包含数据的对象以与该项关联
            </summary>
    </member>
    <member name="P:MicroChat.Framework.WXClient.Versions">
      <summary>
            程序集版本
            </summary>
    </member>
    <member name="P:MicroChat.Framework.WXClient.AllPlugin">
      <summary>
            全部插件
            </summary>
    </member>
    <member name="P:MicroChat.Framework.WXClient.RuningPlugin">
      <summary>
            在运行的插件
            </summary>
    </member>
    <member name="P:MicroChat.Framework.WXClient.Config">
      <summary>
            配置
            </summary>
    </member>
    <member name="M:MicroChat.Framework.WXClient.Login">
      <summary>
            登录，必须设置User才能调用
            </summary>
    </member>
    <member name="M:MicroChat.Framework.WXClient.Logout">
      <summary>
            退出
            </summary>
    </member>
    <member name="M:MicroChat.Framework.WXClient.SendImage(System.String,System.String)">
      <summary>
            发送图片
            </summary>
      <param name="wxid">接收者wxid</param>
      <param name="file">本地绝对路径或网络图片</param>
      <returns>
      </returns>
    </member>
    <member name="M:MicroChat.Framework.WXClient.DownloadImage(System.String,System.String,System.Int32)">
      <summary>
            下载图片
            </summary>
      <param name="fileid">收到的cdnthumburl</param>
      <param name="aeskey">收到消息带的</param>
      <param name="filetype">1：大图cdnbigimgurl 2：中图cdnmidimgurl 3：小图cdnthumburl</param>
      <returns>返回图片二进制内容</returns>
    </member>
    <member name="M:MicroChat.Framework.WXClient.DownloadImage(System.String,System.String,System.Int32,System.String)">
      <summary>
            下载图片并保存到文件
            </summary>
      <param name="fileid">收到的cdnthumburl</param>
      <param name="aeskey">收到消息带的</param>
      <param name="filetype">1：大图cdnbigimgurl 2：中图cdnmidimgurl 3：小图cdnthumburl</param>
      <param name="filename">文件保存的本地路径</param>
      <returns>
      </returns>
    </member>
    <member name="M:MicroChat.Framework.WXClient.SendMessage(System.String,System.String,System.String,System.Int32)">
      <summary>
            发送消息
            </summary>
      <param name="to_wxid">接收者</param>
      <param name="msg_content">消息内容，支持XML格式，不要问我有哪些，请自行收集</param>
      <param name="at_user_list">如果是群消息，这里可以填写@对象wxid</param>
      <param name="msg_type">消息类型，我只测试了1的情况。默认填写1即可</param>
      <returns>
      </returns>
    </member>
    <member name="M:MicroChat.Framework.WXClient.SendCard(System.String,System.String)">
      <summary>
            发送名片
            </summary>
      <param name="to_wxid">接收者wxid</param>
      <param name="wxid">名片的wxid</param>
      <returns>
      </returns>
    </member>
    <member name="M:MicroChat.Framework.WXClient.SendAppMsgRaw(System.String,System.String,System.Int32)">
      <summary>
            发送原始appmsg，可以实现点歌、发小程序、发链接等
            </summary>
      <param name="to_wxid">接收者wxid</param>
      <param name="content">自己构造XML，不要问我XML怎么构造，我也没有，自己想办法</param>
      <param name="type">没研究过，不知道啥意思，大家自己黑盒测试，已知：小程序33，文件6，链接和点歌5，</param>
      <returns>
      </returns>
    </member>
    <member name="M:MicroChat.Framework.WXClient.SendAppMsg(System.String,System.String,System.String,System.String,System.String)">
      <summary>
            分享链接
            </summary>
      <param name="to_wxid">接收者wxid</param>
      <param name="title">标题</param>
      <param name="des">描述</param>
      <param name="link_url">链接地址http格式</param>
      <param name="thumb_url">缩略图地址http格式</param>
      <returns>
      </returns>
    </member>
    <member name="M:MicroChat.Framework.WXClient.GetPayUrl(System.Int32,System.String,System.String)">
      <summary>
            获取收款二维码，请做好本地缓存，防止频繁获取被tx屏蔽
            </summary>
      <param name="fee">金额，单位分</param>
      <param name="desc">收钱说明</param>
      <param name="fee_type">传1</param>
      <returns>
      </returns>
    </member>
    <member name="M:MicroChat.Framework.WXClient.Transfer(System.String,System.Int32,System.String,System.String)">
      <summary>
            转账
            </summary>
      <param name="to_wxid">接收者wxid</param>
      <param name="fee">限额1000分</param>
      <param name="desc">转账说明</param>
      <param name="password">钱包密码</param>
      <returns>
      </returns>
    </member>
    <member name="M:MicroChat.Framework.WXClient.BindQueryNew">
      <summary>
            可查询余额、银行卡等
            </summary>
      <returns>
      </returns>
    </member>
    <member name="M:MicroChat.Framework.WXClient.ReceiveHB(MicroChat.Framework.HBMsg)">
      <summary>
            收红包
            </summary>
      <param name="msg">这是一个收到红包时的对象</param>
      <returns>
      </returns>
    </member>
    <member name="M:MicroChat.Framework.WXClient.QueryHB(System.String,System.Int32,System.Int32,System.String)">
      <summary>
            查询红包
            </summary>
      <param name="nativeUrl">收到红包时有</param>
      <param name="limit">数量？</param>
      <param name="offset">偏移量？获取红包如果有几十个领取人时需要用，没测试过</param>
      <param name="ver">传v1.0</param>
      <returns>
      </returns>
    </member>
    <member name="M:MicroChat.Framework.WXClient.SendEmoji(System.String,System.String,System.String,System.String)">
      <summary>
            发送emoji表情
            </summary>
      <param name="wxid">
      </param>
      <param name="file_name">emoji加密文件名</param>
      <param name="game_type">game_type=0直接发送emoji; game_type=1无视file_name参数,接收方播放石头剪刀布动画;其余game_type值均为投骰子动画</param>
      <param name="content">在game_type不为0即发送游戏表情时有效;content取1-3代表剪刀、石头、布;content取4-9代表投骰子1-6点;</param>
      <returns>消息id，撤回消息时可用用到，其它地方没啥用</returns>
    </member>
    <member name="M:MicroChat.Framework.WXClient.ReceiveTransfer(MicroChat.Framework.TransferMsg)">
      <summary>
            收款
            </summary>
      <param name="msg">收到转账时带的</param>
      <returns>
      </returns>
    </member>
    <member name="M:MicroChat.Framework.WXClient.AgreeJoin(System.String)">
      <summary>
            别人给机器人发送进群邀请链接，机器人可以用此方法同意邀请
            </summary>
      <param name="url">收到好友验证时附带的</param>
      <returns>
      </returns>
    </member>
    <member name="M:MicroChat.Framework.WXClient.DeviceLogin(System.String)">
      <summary>
            其它设备扫码登录
            </summary>
      <param name="url">二维码内容</param>
      <returns>
      </returns>
    </member>
    <member name="M:MicroChat.Framework.WXClient.ExtDeviceLoginConfirmOK(System.String)">
      <summary>
            确认其它设备登录
            </summary>
      <param name="url">机器人收到的内容</param>
      <returns>
      </returns>
    </member>
    <member name="M:MicroChat.Framework.WXClient.Genprefetch(System.Int32,System.String,System.String)">
      <summary>
            提现
            </summary>
      <param name="total_fee">限额100元（10000）</param>
      <param name="card_tail">卡号后4位（可不填）</param>
      <param name="password">钱包密码</param>
      <returns>
      </returns>
    </member>
    <member name="M:MicroChat.Framework.WXClient.SendHB(System.String,System.Int32,System.Int32,System.Int32,System.String,System.String)">
      <summary>
            发红包
            </summary>
      <param name="wxid">接收者，可以是群wxid，也可以是好友wxid</param>
      <param name="hbType">0：普通红包 1：拼手气红包</param>
      <param name="totalAmount">单位分，限额10元</param>
      <param name="totalNum">红包个数，群红包必须能分配，不能出现类似1分钱2个红包的情况</param>
      <param name="wishing">祝福语</param>
      <param name="password">钱包密码</param>
      <returns>
      </returns>
    </member>
    <member name="M:MicroChat.Framework.WXClient.VerifyUser(System.Int32,System.String,System.String,System.String,System.String,System.String)">
      <summary>
            同意加好友请求
            </summary>
      <param name="opcode">传3即可</param>
      <param name="user_wxid">收到的FromUsername</param>
      <param name="user_v1_name">收到的EncryptUsername</param>
      <param name="user_ticket">收到的Ticket</param>
      <param name="user_anti_ticket">空着即可</param>
      <param name="send_content">空着即可</param>
      <returns>
      </returns>
    </member>
    <member name="M:MicroChat.Framework.WXClient.GetChatroomMemberDetail(System.String)">
      <summary>
            从服务器获取群成员建议不要频繁使用
            </summary>
      <param name="ChatRoomWxid">群wxid</param>
    </member>
    <member name="M:MicroChat.Framework.WXClient.GetQRCode(System.String)">
      <summary>
            获取我的二维码、群二维码
            </summary>
      <returns>二进制二维码图片内容</returns>
    </member>
    <member name="M:MicroChat.Framework.WXClient.mmsnstimeline(System.UInt64)">
      <summary>
            获取朋友圈
            </summary>
      <param name="start">偏移量，可以循环读取所有朋友圈数据</param>
      <returns>
      </returns>
    </member>
    <member name="M:MicroChat.Framework.WXClient.mmsnscomment(System.UInt64,System.String,System.String,System.String)">
      <summary>
            评论
            </summary>
      <param name="Id">被评论的postId</param>
      <param name="WxId">被评论人</param>
      <param name="NickName">被评论人</param>
      <param name="Text">评论为空时点赞</param>
      <returns>
      </returns>
    </member>
    <member name="M:MicroChat.Framework.WXClient.GetContact">
      <summary>
            从本地获取好友列表
            </summary>
      <returns>
      </returns>
    </member>
    <member name="M:MicroChat.Framework.WXClient.GetContact(System.String)">
      <summary>
            从服务器获取单个好友或者群
            </summary>
      <param name="wxid">
      </param>
      <returns>
      </returns>
    </member>
    <member name="M:MicroChat.Framework.WXClient.MMFacingCreateChatRoom(System.String,System.Single,System.Single)">
      <summary>
            面对面建群，少用
            </summary>
      <param name="pwd">密码</param>
      <param name="lon">经度</param>
      <param name="lat">纬度</param>
      <returns>
      </returns>
    </member>
    <member name="M:MicroChat.Framework.WXClient.SetGroupNickName(System.String,System.String)">
      <summary>
            设置机器人在群内的昵称
            </summary>
      <param name="chatroom_wxid">群wxid</param>
      <param name="nick_name">昵称</param>
      <returns>
      </returns>
    </member>
    <member name="M:MicroChat.Framework.WXClient.RevokeMsg(System.String,System.Int64)">
      <summary>
            撤回消息
            </summary>
      <param name="wxid">消息接收者</param>
      <param name="svrid">发消息返回的消息id</param>
      <returns>
      </returns>
    </member>
    <member name="M:MicroChat.Framework.WXClient.SetChatroomAnnouncement(System.String,System.String)">
      <summary>
            发布群公告
            </summary>
      <param name="wxid">群wxid</param>
      <param name="text">公告内容</param>
      <returns>
      </returns>
    </member>
    <member name="M:MicroChat.Framework.WXClient.ChatroomInviteConfirm(System.String,System.Int32)">
      <summary>
            修改群聊邀请确认
            </summary>
      <param name="wxid">群wxid</param>
      <param name="code">0：关闭确认 2：开启确认</param>
      <returns>
      </returns>
    </member>
    <member name="M:MicroChat.Framework.WXClient.TransferChatroomOwner(System.String,System.String)">
      <summary>
            转让群主
            </summary>
      <param name="ChatRoomWxid">群wxid</param>
      <param name="OwnerWxid">新群主wxid</param>
      <returns>
      </returns>
    </member>
    <member name="M:MicroChat.Framework.WXClient.SetFriendName(System.String,System.String)">
      <summary>
            设置好友备注名/群聊名
            </summary>
      <param name="wxid">wxid</param>
      <param name="name">备注名或者群名</param>
      <returns>
      </returns>
    </member>
    <member name="M:MicroChat.Framework.WXClient.SetUserInfo(System.Int32,System.String)">
      <summary>
            设置昵称、个性签名
            </summary>
      <param name="cmd">1：昵称 2：个性签名</param>
      <param name="text">
      </param>
      <returns>
      </returns>
    </member>
    <member name="M:MicroChat.Framework.WXClient.BanFriend(System.String,System.Boolean)">
      <summary>
            拉黑/恢复 好友关系
            </summary>
      <param name="wxid">wxid</param>
      <param name="ban">拉黑还是恢复，自己测试下</param>
      <returns>
      </returns>
    </member>
    <member name="M:MicroChat.Framework.WXClient.DeleteFriend(System.String,System.Boolean)">
      <summary>
            从通讯录中删除好友/恢复好友(删除对方后可以用此接口再添加对方)
            群聊使用此接口可以保存到通讯录
            </summary>
      <param name="wxid">wxid</param>
      <param name="delete">
      </param>
      <returns>
      </returns>
    </member>
    <member name="P:MicroChat.Framework.WXConfig.ExtcreditsType">
      <summary>
            默认值：经验\n金钱\n威望
            </summary>
    </member>
    <member name="P:MicroChat.Framework.WXConfig.RestartTime">
      <summary>
            定时重启
            </summary>
    </member>
    <member name="P:MicroChat.Framework.WXConfig.AdminWxids">
      <summary>
            管理员wxid
            </summary>
    </member>
    <member name="P:MicroChat.Framework.WXConfig.ShowLog">
      <summary>
            显示日志
            </summary>
    </member>
    <member name="P:MicroChat.Framework.WXConfig.SaveLog">
      <summary>
            保存日志
            </summary>
    </member>
    <member name="P:MicroChat.Framework.Wxdb.ShareExtcredits">
      <summary>
            共享积分
            </summary>
    </member>
    <member name="M:MicroChat.Framework.Wxdb.GetDic(System.String)">
      <summary>
            通用存储
            </summary>
      <param name="Name">
      </param>
      <returns>
      </returns>
    </member>
    <member name="M:MicroChat.Framework.Wxdb.SaveDic(System.String,System.String)">
      <summary>
            通用存储
            </summary>
      <param name="Name">
      </param>
      <param name="Value">
      </param>
    </member>
    <member name="M:MicroChat.Framework.Wxdb.GetWXPay(System.String)">
      <summary>
            查询钱包
            </summary>
      <param name="Wxid">
      </param>
      <returns>
      </returns>
    </member>
    <member name="M:MicroChat.Framework.Wxdb.UpdateWXPay(System.String,System.Decimal)">
      <summary>
            修改余额
            </summary>
      <param name="Wxid">
      </param>
      <param name="Money">
      </param>
      <returns>
      </returns>
    </member>
    <member name="M:MicroChat.Framework.Wxdb.GetExtcreditsCount">
      <summary>
            统计积分数量
            </summary>
      <returns>
      </returns>
    </member>
    <member name="M:MicroChat.Framework.Wxdb.GetExtcredits(System.String,System.String)">
      <summary>
            查询积分
            </summary>
      <param name="ChatRoomWxid">
      </param>
      <param name="Wxid">
      </param>
      <returns>
      </returns>
    </member>
    <member name="M:MicroChat.Framework.Wxdb.GetExtcredits(System.String,System.Int64,System.Int64)">
      <summary>
            排行榜
            </summary>
      <param name="ChatRoomWxid">
      </param>
      <param name="Type">
      </param>
      <param name="Top">
      </param>
      <returns>
      </returns>
    </member>
    <member name="M:MicroChat.Framework.Wxdb.ClearExtcredits(System.Int64)">
      <summary>
            清零积分
            </summary>
      <param name="Type">
      </param>
      <returns>清理数量</returns>
    </member>
    <member name="M:MicroChat.Framework.Wxdb.CopyExtcredits(System.Int64,System.Int64)">
      <summary>
            复制积分
            </summary>
      <param name="Type1">
      </param>
      <param name="Type2">
      </param>
      <returns>
      </returns>
    </member>
    <member name="M:MicroChat.Framework.Wxdb.UpdateExtcredits(System.String,System.String,System.Int64,System.Int64)">
      <summary>
            修改积分
            </summary>
      <param name="ChatRoomWxid">
      </param>
      <param name="Wxid">
      </param>
      <param name="Type">
      </param>
      <param name="Value">
      </param>
      <returns>返回修改后积分值</returns>
    </member>
    <member name="M:MicroChat.Framework.Wxdb.UpdateExtcredits(System.String,System.String,System.Int64,System.Int64,System.Int64,System.Int64)">
      <summary>
            修改积分，同时修改两个积分类型
            </summary>
      <param name="ChatRoomWxid">
      </param>
      <param name="Wxid">
      </param>
      <param name="Type">
      </param>
      <param name="Value">
      </param>
      <param name="Type1">
      </param>
      <param name="Value1">
      </param>
      <returns>
      </returns>
    </member>
    <member name="T:MicroChat.Framework.WXPay">
      <summary>
            钱包系统(现金)
            </summary>
    </member>
    <member name="P:MicroChat.Framework.WXPay.Money">
      <summary>
            余额
            </summary>
    </member>
    <member name="T:MicroChat.Framework.Extcredits">
      <summary>
            积分系统
            </summary>
    </member>
    <member name="T:MicroChat.Framework.Dic">
      <summary>
            通用配置
            </summary>
    </member>
    <member name="P:MicroChat.Framework.Dic.Value">
      <summary>
            设置，JSON格式存储，具体对象自己定义
            </summary>
    </member>
    <member name="P:MicroChat.Framework.Contact.Inviter">
      <summary>
            群成员邀请者
            </summary>
    </member>
    <member name="T:MicroChat.Framework.MSG">
      <summary>
            数据库对象
            </summary>
    </member>
    <member name="P:MicroChat.Framework.TransferMsg.Paysubtype">
      <summary>
            收到转账时1，确认后变为3，只有这里为3才表示已经收款
            </summary>
    </member>
    <member name="P:MicroChat.Framework.TransferMsg.FromId">
      <summary>
            发送者
            </summary>
    </member>
    <member name="P:MicroChat.Framework.TransferMsg.ToId">
      <summary>
            接收者，务必判断是否与机器人wxid相同，因为机器人给别人转账时也会发生这个事件
            </summary>
    </member>
    <member name="P:MicroChat.Framework.HBMsg.Amount">
      <summary>
            抢到的金额
            </summary>
    </member>
    <member name="P:MicroChat.Framework.HBMsg.Finished">
      <summary>
            抢过
            </summary>
    </member>
    <member name="P:MicroChat.Framework.VerifyMsg.SourceUserName">
      <summary>
            来源，可以做邀请统计、营销用
            </summary>
    </member>
    <member name="P:MicroChat.Framework.VerifyMsg.RawContent">
      <summary>
            原始内容，可以自行解析
            </summary>
    </member>
    <member name="P:MicroChat.Framework.WXUser.Owner">
      <summary>
            所有者
            </summary>
    </member>
    <member name="P:MicroChat.Framework.WXUser.EndTime">
      <summary>
            有效期
            </summary>
    </member>
    <member name="P:MicroChat.Framework.WXUser.FirstTime">
      <summary>
            首次使用
            </summary>
    </member>
    <member name="P:MicroChat.Framework.WXUser.LoginTime">
      <summary>
            登录时间
            </summary>
    </member>
    <member name="T:Dapper.DapperExtensions">
      <summary>
            约定每个字段都有Id，自增、key属性
            </summary>
    </member>
    <member name="T:Dapper.NoSQLAttribute">
      <summary>
            不存储在数据库中
            </summary>
    </member>
    <member name="T:Dapper.Db">
      <summary>
            数据库操作类
            </summary>
    </member>
    <member name="T:Dapper.DbBase">
      <summary>
            数据库操作类，建议集成该类，实现数据库操作代码
            </summary>
    </member>
    <member name="M:Dapper.DbBase.ChangePassword(System.String)">
      <summary>
            修改数据库密码
            </summary>
      <param name="newPassword">
      </param>
    </member>
    <member name="T:Dapper.SqlMapper">
      <summary>
            Dapper, a light weight object mapper for ADO.NET
            </summary>
    </member>
    <member name="E:Dapper.SqlMapper.QueryCachePurged">
      <summary>
            Called if the query cache is purged via PurgeQueryCache
            </summary>
    </member>
    <member name="M:Dapper.SqlMapper.PurgeQueryCache">
      <summary>
            Purge the query cache 
            </summary>
    </member>
    <member name="M:Dapper.SqlMapper.GetCachedSQLCount">
      <summary>
            Return a count of all the cached queries by dapper
            </summary>
      <returns>
      </returns>
    </member>
    <member name="M:Dapper.SqlMapper.GetCachedSQL(System.Int32)">
      <summary>
            Return a list of all the queries cached by dapper
            </summary>
      <param name="ignoreHitCountAbove">
      </param>
      <returns>
      </returns>
    </member>
    <member name="M:Dapper.SqlMapper.GetHashCollissions">
      <summary>
            Deep diagnostics only: find any hash collisions in the cache
            </summary>
      <returns>
      </returns>
    </member>
    <member name="M:Dapper.SqlMapper.ReadChar(System.Object)">
      <summary>
            Internal use only
            </summary>
      <param name="value">
      </param>
      <returns>
      </returns>
    </member>
    <member name="M:Dapper.SqlMapper.ReadNullableChar(System.Object)">
      <summary>
            Internal use only
            </summary>
    </member>
    <member name="M:Dapper.SqlMapper.FindOrAddParameter(System.Data.IDataParameterCollection,System.Data.IDbCommand,System.String)">
      <summary>
            Internal use only
            </summary>
    </member>
    <member name="M:Dapper.SqlMapper.PackListParameters(System.Data.IDbCommand,System.String,System.Object)">
      <summary>
            Internal use only
            </summary>
    </member>
    <member name="M:Dapper.SqlMapper.GetTypeMap(System.Type)">
      <summary>
            Gets type-map for the given type
            </summary>
      <returns>Type map implementation, DefaultTypeMap instance if no override present</returns>
    </member>
    <member name="M:Dapper.SqlMapper.GetTypeDeserializer(System.Type,System.Data.IDataReader,System.Int32,System.Int32,System.Boolean)">
      <summary>
            Internal use only
            </summary>
      <param name="type">
      </param>
      <param name="reader">
      </param>
      <param name="startBound">
      </param>
      <param name="length">
      </param>
      <param name="returnNullIfFirstMissing">
      </param>
      <returns>
      </returns>
    </member>
    <member name="M:Dapper.SqlMapper.ThrowDataException(System.Exception,System.Int32,System.Data.IDataReader)">
      <summary>
            Throws a data exception, only used internally
            </summary>
      <param name="ex">
      </param>
      <param name="index">
      </param>
      <param name="reader">
      </param>
    </member>
    <member name="T:Dapper.DynamicParameters">
      <summary>
            A bag of parameters that can be passed to the Dapper Query and Execute methods
            </summary>
    </member>
    <member name="M:Dapper.DynamicParameters.AddDynamicParams(System.Object)">
      <summary>
            Append a whole object full of params to the dynamic
            EG: AddDynamicParams(new {A = 1, B = 2}) // will add property A and B to the dynamic
            </summary>
      <param name="param">
      </param>
    </member>
    <member name="P:Dapper.DynamicParameters.ParameterNames">
      <summary>
            All the names of the param in the bag, use Get to yank them out
            </summary>
    </member>
    <member name="T:Dapper.DbString">
      <summary>
            This class represents a SQL string, it can be used if you need to denote your parameter is a Char vs VarChar vs nVarChar vs nChar
            </summary>
    </member>
    <member name="P:Dapper.DbString.IsAnsi">
      <summary>
            Ansi vs Unicode 
            </summary>
    </member>
    <member name="P:Dapper.DbString.IsFixedLength">
      <summary>
            Fixed length 
            </summary>
    </member>
    <member name="P:Dapper.DbString.Length">
      <summary>
            Length of the string -1 for max
            </summary>
    </member>
    <member name="P:Dapper.DbString.Value">
      <summary>
            The value of the string
            </summary>
    </member>
    <member name="M:Dapper.DbString.AddParameter(System.Data.IDbCommand,System.String)">
      <summary>
            Add the parameter to the command... internal use only
            </summary>
      <param name="command">
      </param>
      <param name="name">
      </param>
    </member>
    <member name="T:Dapper.FeatureSupport">
      <summary>
            Handles variances in features per DBMS
            </summary>
    </member>
    <member name="M:Dapper.FeatureSupport.Get(System.Data.IDbConnection)">
      <summary>
            Gets the featureset based on the passed connection
            </summary>
    </member>
    <member name="P:Dapper.FeatureSupport.Arrays">
      <summary>
            True if the db supports array columns e.g. Postgresql
            </summary>
    </member>
    <member name="T:Dapper.SimpleMemberMap">
      <summary>
            Represents simple memeber map for one of target parameter or property or field to source DataReader column
            </summary>
    </member>
    <member name="P:Dapper.SimpleMemberMap.ColumnName">
      <summary>
            DataReader column name
            </summary>
    </member>
    <member name="P:Dapper.SimpleMemberMap.MemberType">
      <summary>
            Target member type
            </summary>
    </member>
    <member name="P:Dapper.SimpleMemberMap.Property">
      <summary>
            Target property
            </summary>
    </member>
    <member name="P:Dapper.SimpleMemberMap.Field">
      <summary>
            Target field
            </summary>
    </member>
    <member name="P:Dapper.SimpleMemberMap.Parameter">
      <summary>
            Target constructor parameter
            </summary>
    </member>
    <member name="T:Dapper.DefaultTypeMap">
      <summary>
            Represents default type mapping strategy used by Dapper
            </summary>
    </member>
    <member name="M:Dapper.DefaultTypeMap.FindConstructor(System.String[],System.Type[])">
      <summary>
            Finds best constructor
            </summary>
      <param name="names">DataReader column names</param>
      <param name="types">DataReader column types</param>
      <returns>Matching constructor or default one</returns>
    </member>
    <member name="M:Dapper.DefaultTypeMap.GetConstructorParameter(System.Reflection.ConstructorInfo,System.String)">
      <summary>
            Gets mapping for constructor parameter
            </summary>
      <param name="constructor">Constructor to resolve</param>
      <param name="columnName">DataReader column name</param>
      <returns>Mapping implementation</returns>
    </member>
    <member name="M:Dapper.DefaultTypeMap.GetMember(System.String)">
      <summary>
            Gets member mapping for column
            </summary>
      <param name="columnName">DataReader column name</param>
      <returns>Mapping implementation</returns>
    </member>
    <member name="T:Dapper.CustomPropertyTypeMap">
      <summary>
            Implements custom property mapping by user provided criteria (usually presence of some custom attribute with column to member mapping)
            </summary>
    </member>
    <member name="M:Dapper.CustomPropertyTypeMap.FindConstructor(System.String[],System.Type[])">
      <summary>
            Always returns default constructor
            </summary>
      <param name="names">DataReader column names</param>
      <param name="types">DataReader column types</param>
      <returns>Default constructor</returns>
    </member>
    <member name="M:Dapper.CustomPropertyTypeMap.GetConstructorParameter(System.Reflection.ConstructorInfo,System.String)">
      <summary>
            Not impelmeneted as far as default constructor used for all cases
            </summary>
      <param name="constructor">
      </param>
      <param name="columnName">
      </param>
      <returns>
      </returns>
    </member>
    <member name="M:Dapper.CustomPropertyTypeMap.GetMember(System.String)">
      <summary>
            Returns property based on selector strategy
            </summary>
      <param name="columnName">DataReader column name</param>
      <returns>Poperty member map</returns>
    </member>
  </members>
</doc>